G1/S_transition,G2/M_transition,CC_checkpoints,Cell_cycle_reg,Pos_proliferation,Neg_proliferation,quiescence,AS,Chromatin,Circadian,Core_repro,NOTCH_signaling,Asymm_PCP,FOXO,p53_acyivity,DREAM/negE2F,senes_stress,sasp
FBXW7,CDC25A,CHFR,YTHDF2,EMP2,IGFBP5,ATF3,CWC27,H2AJ,TEF,HDAC9,FBXW7,SMURF2,TXN,MAPK11,CDC25A,H2AZ2,H2AZ2
CCNP,CDK6,CDK1,PRKCA,TNXB,ZBTB7C,ATF4,DDX20,HCFC1,SFPQ,POLR2C,ST3GAL4,SMURF1,PLXNA4,TPX2,CDK1,ACD,H2BC9
EZH2,NES,MRNIP,OBSL1,CX3CL1,NTRK1,CTNNB1,RBM3,INO80E,THRAP3,PTN,FCER2,WNT5A,SOD2,TAF9B,E2F1,H2BC9,JUN
APBB1,CDK1,DGKZ,LOC102724428,CCND2,KDF1,BACH2,RBM5,HDAC8,NKX2-1,JUN,PSMA7,SCRIB,KAT2B,DYRK2,LIN52,H2BC4,UBE2C
DDX3X,FBXL15,BARD1,MAGEA4,LIG4,BTG3,JUN,RBM23,BAZ2A,LOC102724428,MED31,TBL1X,PSMC6,IGFBP1,MDM4,RBL1,H2BC5,H2BC4
EIF4G1,FBXL7,BLM,SIPA1,HES5,HRAS,CEBPB,SFPQ,RING1,BHLHE41,EVC,CCND1,PSMC4,BCL2L11,POU4F2,MYBL2,HMGA2,H2BC5
TMSB4X,UXT,AURKB,HRAS,HRAS,DLL1,CEBPA,DHX9,NPM2,PPP1CC,BHLHE41,HES5,PSMC5,NPY,CDK5,PCNA,H2BC3,H2BC3
CCND2,DBF4B,INTS3,MADD,DLL1,RNASE3,CTCF,THRAP3,H4C15,CHRNB2,TTN,PBX1,PSMC2,FASLG,RPA2,LIN9,H2BC1,H2BC1
CCND1,AURKB,CRY1,CDT1,DYNAP,CCL3L1,E2F4,NOL3,BRD7,CRY1,FNTA,TFDP1,PSMC3,FOXG1,MEAF6,CDC6,H2BC12L,H2BC12L
CCNB1,RAD51C,MRE11,MAEA,FOXP1,CGREF1,E2F5,SNRPN,KAT2A,ARNTL2,COLQ,H4C1,PSMC1,TXNIP,PPP2CA,TFDP1,HMGA1,H2BC17
KHDRBS1,RRM2B,PLK1,PKD1,MINDY4,FKTN,E2F1,RBM41,CENPA,BHLHE40,HIVEP3,DLL1,PSMD11,SMAD2,PML,TFDP2,H2BC17,H2BC13
PIM2,PLK1,INIP,TMEM8B,MLXIPL,CHD6,E2F2,BUD13,H1-0,CD200R1,PDGFA,TFDP2,PSMD13,NFYC,TP53BP2,RBBP4,H2BC13,IL1A
ANKRD17,CCNY,DTL,FZR1,CDC25B,NOTCH1,E2F3,RBM8A,SMARCC1,RBM4,SHOC2,SIRT6,PSMD12,PCBP4,BRPF1,LIN54,H2BC14,H2BC14
PPP2CA,BRD4,CDK5RAP3,CALM2,STAT1,TNS2,ERG,CELF1,SIRT7,CREBBP,WNT4,SKP1,PSMD14,PCK1,CDKN1B,HDAC1,H2BC15,H2BC15
TCIM,CENPF,HUS1B,YWHAE,ZFPM2,PROC,ETS1,RBM20,APOBEC3C,PER2,CBL,HDAC7,PARD6A,STK11,CDKN1A,MYC,H2AJ,H2AJ
PHF10,DTL,NOP53,SMIM22,NOTCH1,PPM1D,MECOM,GEMIN7,BAZ1B,HLF,GTF2F2,H2AB1,PSMD7,CCNG2,HIPK1,RBL2,H2BC11,IL6
STOX1,RCC2,BABAM1,EIF4G2,S100A6,NOX4,FOXC1,PRPF8,MAGI1,RORB,FER1L5,HDAC9,PSMD8,CDKN1B,GATAD2B,E2F5,H2BC12,CDK6
TFDP1,CCND1,ETAA1,PROC,BMPR1A,FTH1,FOXM1,KHDC4,H2AB2,PDE6B,RAC1,NOTCH3,PSMD6,MSTN,TMEM55B,E2F4,CDK2,UBE2S
MBLAC1,GPR132,PABIR1,TRIM21,EGFR,DUX4,FOXO3,RBM47,METTL3,PPP1CB,HLF,MIR150,PSMD3,YWHAB,RPA1,LIN37,ASF1A,IL8
KANK2,TAF2,ZFYVE19,MRFAP1L2,PDGFRB,APOE,FOXP1,HNRNPL,VPS72,CRTC1,HNRNPH1,LFNG,DVL2,CDKN1A,CCNA1,CCNA2,ATM,CDC16
CDKN1B,CCNB1,CDC6,ANAPC1,EPHA4,DLL4,GATA6,SNRNP200,SETD4,ID2,SETX,H2BC12,PSMD1,RETN,AURKA,TOP2A,MRE11,CDK4
PKD1,KHDRBS1,BABAM2,LRP6,DNAJA2,LMNA,HES1,LUC7L,CHAF1B,PASD1,FGF5,PLXND1,PSMD2,AGRP,TAF7L,MAX,POT1,H2BC11
CDC73,CHEK2,NABP1,ING5,DLL4,HMGA1,HLF,CDK13,MCRS1,RORA,EYA1,STAT1,RPS27A,BBC3,USP2,,TERF2IP,H2BC12
PLK5,LCMT1,BRSK1,PCLAF,BIRC5,RARG,ID1,FRG1,NSMCE1,DBP,FRS3,PSMB3,FZD2,YWHAG,AKT2,,TP53,CDK2
CCNA1,RAB11A,FEM1B,CALR,FER,ING5,ID4,PRPF31,RAD21,PARP1,GTF2I,PSMB1,FZD1,CREBBP,E2F8,,CABIN1,CXCL8
CCND3,ENSA,BRCC3,PRMT5,PRKCI,PTPN2,KLF2,NUP98,DDX11,FBXL21,RBM38,SNW1,FZD4,G6PC1,BRCA1,,RB1,H3-3A
CRLF3,STOX1,WAC,NOP53,FGFR1,HGS,KLF4,FMR1,TRMT112,CLOCK,CUL3,NOTCH1,FZD3,DDIT3,MTOR,,LMNB1,RELA
PAF1,DNM2,RPS27L,SMARCD1,PIK3R1,CXCL8,KLF7,SRSF1,PARP1,KAT5,HAS2,NUMB,FZD5,INS,CCNE2,,UBN1,UBE2D1
TRIM39,ARPP19,CDK2,FOXE3,ITGAV,LDOC1,KLF9,MTREX,GPX1,EP300,WNT2,MAML3,ADRM1,SIN3A,CDK5R1,,H2AB1,H2AB1
PSME1,PDIK1L,TOPBP1,INSM2,CALR,SMYD2,LEF1,SYNCRIP,TDRD12,PML,COL19A1,H2AZ2,FZD8,HDAC1,PRKAG2,,HIRA,CDC23
CCNB3,CDC25C,SLC25A15,PPM1A,LIF,F2R,MECP2,CWC15,UBR2,CSNK1A1,PITX1,EGFR,FZD7,PPARGC1A,POU4F1,,NBN,FZR1
PROC,BRSK1,PRKDC,ARID1A,FTMT,PTPRU,MED1,TSSC4,MTA2,PPP1CA,MTA2,MYC,PSMA6,SIRT1,L3MBTL1,,EP400,CDC26
GPNMB,CDK2,TAOK1,ZBTB17,TBC1D8,PRKRA,ELF4,LUC7L3,KMT2D,NR1D1,BMPR1A,NBEA,VANGL2,AKT3,RAD1,,H2AC7,CDC27
PSME2,LATS1,TAOK3,PLAGL1,FGF3,NODAL,MXI1,SLU7,TCF7L1,TP53,AKT1,PSMC2,PSMA7,FOXO6,TOP3A,,H2AFX,RPS27A
EGFR,CDC7,ZNF367,KAT14,PHIP,ENPP7,MYC,LSM6,MECOM,PIWIL2,GPCPD1,ITCH,PSMA4,AKT1,RAD9B,,TINF2,VENTX
MYC,RRM1,NAE1,PKMYT1,F2R,NELL1,NFKB1,MAGOHB,H2AC11,CSNK1D,FOXC2,H2BC13,PSMA5,SIRT3,ING5,,H2AC6,CDKN2C
RBL2,CCDC57,FZR1,BIRC2,NANOGP8,SAV1,RBPJ,CDC40,HDAC4,DEC1,SDC4,PSMB6,SEM1,FOXO3,EP300,,H2AC4,CDKN2D
CDPF1,CFH,UIMC1,NLRP2B,GHRH,NLRC3,NFE2L2,RBM44,UIMC1,BTRC,WNT5A,PSMC1,PSMA2,FOXO1,E2F7,,H1-0,CDKN2A
CDK3,AKAP8L,RFWD3,BCL7C,SMARCD1,ZBTB17,RARA,CWF19L2,TADA2B,FBXL3,PML,TLE3,PSMA3,ATXN3,EHMT2,,TERF1,H2AC7
CCNI2,CDC25B,TRIM39,YY1,NODAL,TNFRSF8,NR1H3,SNRNP35,LEF1,ARNTL,ENO3,PSENEN,PSMA1,RBL2,CSNK2B,,H1-2,CDKN2B
KMT2E,AURKA,RAD51,BRD7,LAMC1,CDH13,NR4A2,HNRNPH1,HDAC11,CSNK1E,REST,YBX1,UBA52,CITED2,PRMT5,,TERF2,H2AFX
ACTL6B,PLK3,DONSON,RNF20,TNFRSF11A,IL1A,PAX3,SETX,SUDS3,PPARGC1A,RFFL,DLL4,PRICKLE1,CAV1,E2F1,,H1-1,STAT3
PKP3,FOXM1,RAD17,YY1AP1,WWTR1,CDKN2D,PAX7,METTL3,SOX2,MTA1,PTGS2,H2AJ,PSMB7,G6PC,BARD1,,RAD50,H2AC6
CCNE2,AVEN,PLK3,BMAL1,CNOT6L,FRZB,PBX1,METTL14,ATRX,RORC,ACTN3,PSMA5,PSMB5,KLF4,BLM,,H1-4,FOS
RPTOR,KCNH5,FOXN3,LONP1,CDC7,IL6,PPARD,HNRNPA3,BANF1,OPN5,TP53,HEY2,PSMB6,POMC,SMYD2,,H1-3,H2AC4
CUL1,PKMYT1,TP53,NEK7,FGFR3,SFRP4,SPI1,ARB2A,DNMT1,FXR1,SIX1,MIR206,PSMB3,GADD45A,TP73,,H3-4,UBE2E1
CUL2,UBE2A,RBBP8,NUPR1,CDH13,NUPR1,REST,SF3B5,TADA2A,PER1,CHD7,MIR34A,UBC,PINK1,BRIP1,,CCNA2,NFKB1
CDK4,CDPF1,CLSPN,TBRG4,RAB25,APPL2,RUNX1,HNRNPH3,CTCF,PER3,BMI1,NOTCH2NLB,PSMB4,BTG1,PRDM1,,H1-5,CCNA2
CCL2,AKAP8,WDR76,MARK4,TIAM1,INSM1,SALL2,ZRSR2,PER1,BMAL2,FUZ,CUL1,UBB,AKT2,TAF6,,CCNA1,CCNA1
ADAMTS1,STK35,MUC1,INSM1,TCF7L2,RB1CC1,SATB1,CELF3,TSSK6,,CAV3,IKZF1,PSMB1,YWHAZ,HIPK2,,CCNE2,H2AC20
WEE1,RFPL1,FBXO31,DTL,BCL7C,IL1B,STAT1,U2AF2,CHMP7,SIN3A,POLR2E,PRKCI,PSMB2,NFYA,MTA2,,H2AC20,ANAPC4
CCNJ,TPD52L1,ZNF830,ANAPC4,SERPINF2,SPEG,STAT3,RBM22,CFDP1,FBXW11,MTOR,HDAC11,,GCK,RFC2,,CCNE1,ANAPC5
E2F7,CDK3,RAD50,ACTR8,CSF1,BNIPL,STAT4,COIL,PLK1,NLGN1,DSTYK,CCNC,,SMAD3,TAF11,,CDKN1B,ANAPC7
RCC1,VPS4B,CDPF1,DBF4,PKHD1,GTPBP4,TLE4,SRRM4,ZNF83,NPAS2,CEP57,EP300,,FBXO32,UBC,,CDKN1A,UBA52
CDKN3,BIRC5,ARTN,ECT2,SLC25A33,NF1,TP53,SNRPB2,HIRA,PTGDS,FGF11,HEY1,,CAT,PCBP4,,H2AC18,ANAPC1
UBE2E2,CDK14,SDE2,SND1,IL21,CD33,YAP1,EFTUD2,HIPK2,RBM4B,EYS,HEYL,,TRIM63,RICTOR,,H2AC14,ANAPC2
CDC25A,FBXO5,NABP2,INO80,CR1,ECRG4,YY1,GEMIN6,H3-4,USP2,ITGB1BP1,MIR200B,,SFN,CDKN2A,,H2BC26,CEBPB
PSME3,BRSK2,POLR1B,BIRC3,IL6,WT1,ZEB1,SF3B3,FOXP3,NR1D2,IQGAP1,NCSTN,,NR3C1,RFC5,,H2BC21,ANAPC15
E2F1,RAD51B,SETMAR,C6ORF89,LONP1,PTPN14,ZNF521,HTATSF1,PADI4,CRH,SGCA,ARRB2,,NFYB,SSRP1,,KAT5,CDKN1B
CUL4B,USP22,TRIAP1,E4F1,BCAR3,WNT9A,,CTNNBL1,YEATS4,CRY2,PLA2G1B,E2F1,,ABCA6,RBBP4,,H4C1,ANAPC16
MN1,CCNA2,CHEK1,PLK3,FGF4,TGFB1I1,,SMN1,RNF2,SKP2,PTPN11,H2BC4,,YWHAQ,PPP2R1A,,,CDKN1A
RBL1,PINX1,BRCA1,PTK6,HBEGF,WNT5A,,CELF5,NAP1L1,,CD74,PSMD14,,SREBF1,RPS27A,,,EHMT1
PAGR1,CDK4,VPS4A,COPS5,RBPJ,EMD,,CLNS1A,DNMT3L,,TP53INP1,CDK8,,FOXO4,NOC2L,,,EHMT2
RB1,MELK,TICRR,RACK1,TCIRG1,ZNF268,,HNRNPUL1,MOV10L1,,GRB2,HDAC6,,EP300,TAF4B,,,ANAPC10
RASSF1,PPME1,HUS1,ZNF268,SCX,CTNNBIP1,,SF3B2,APOBEC3A_B,,CORO1C,PSMC3,,SMAD4,TP53,,,ANAPC11
TM4SF5,WEE1,TAOK2,CDCA2,TBRG4,ATP8A2,,NOVA2,HDAC5,,HES1,CNTN1,,BCL6,RBBP8,,,H2AC18
DACT1,KDM8,ATM,PIK3R4,INSM1,CD200,,SNW1,HMGB1,,FOS,UBC,,HDAC2,RAD9A,,,H2AC14
MNAT1,KIF14,RINT1,LEP,IL1B,HNF1A,,PRMT5,KDM4F,,HAND2,H3C15,,,DAXX,,,H2BC26
GPR132,PLCB1,SERPINA2,NEK6,IL12RB2,ITGB1BP1,,SYF2,SPOCD1,,SPRY2,RUNX1,,,TAF4,,,RPS6KA1
NANOGP8,PHOX2B,CHMP4C,MDM2,FGF23,GLMN,,SRSF5,H3C7,,NDST1,PSMD12,,,NBN,,,UBC
SMARCD1,USH1C,BRCA2,GLMN,CPAMD8,IAPP,,PRPF38A,SUV39H2,,HYAL1,ARRB1,,,PRKAB2,,,H2BC21
ACVR1,MASTL,,TRNP1,EDN2,BMP5,,LSM2,KAT7,,TEAD4,PSMA1,,,SGK1,,,H3C15
CDKN2A,,,ATM,NOX1,ADRA1A,,SCAF11,PIH1D1,,CAPN2,MIR449B,,,PPP2R5C,,,UBB
DPF2,,,CDK6,MEGF10,CDK6,,U2AF1L4,TNP2,,GCLM,H2BC14,,,CHD3,,,RPS6KA3
TFDP3,,,JUND,MZB1,STRN,,SFSWAP,CGGBP1,,POLR2K,ATP2A2,,,MAPKAPK5,,,RPS6KA2
SMARCE1,,,ZZZ3,PRDX3,S100A11,,GCFC2,WAC,,RAPSN,PSMC5,,,RHNO1,,,H4C1
TCF7L1,,,CREB3L4,BST2,TRIB1,,REST,MYO1E,,FNTB,APH1A,,,KMT5A,,,HIST1H3G
STXBP4,,,MCIDAS,SHANK2,CYP1B1,,PPIH,PCBP2,,FGF1,NOTCH4,,,BRD7,,,MAPK3
CDC7,,,ANAPC13,PITX2,COL18A1,,PQBP1,H2AC6,,STK17B,PSMB4,,,PDPK1,,,MAPK1
ARID1A,,,IPO5,CRLF2,PHB1,,LUC7L2,GDNF,,BAK1,DTX4,,,HUS1,,,IGFBP7
ZNF324,,,ANAPC7,AKR1C2,BTG4,,RBM17,TDRD1,,API5,DLGAP5,,,KAT5,,,MAPK7
PLCB1,,,CEP250,WNT5A,GPER1,,PTBP1,PER2,,TGFBR1,H2BC15,,,ARID3A,,,
LSM11,,,BOP1,BCL2,PTHLH,,U2AF1,HCFC2,,PIK3CA,H2BC12L,,,HDAC2,,,
CDK7,,,BTG4,ZNF268,AREG,,SRRM2,MRNIP,,IL4R,MIB2,,,CDK1,,,
SMARCA4,,,GPER1,MDK,HSPA1B,,DDX39A,NPM1,,BAG4,RPS27A,,,CCNE1,,,
ARID2,,,KIF20B,TBX1,CBFA2T3,,SRSF9,BAZ2B,,JAG1,H2BC11,,,AURKB,,,
SOX2,,,JADE1,ITGB1BP1,CER1,,DHX8,SMC6,,TIA1,MIR34B,,,PIP4K2C,,,
SUSD2,,,CUL7,RASSF10,MAGED1,,RNF113A,SETDB2,,NET1,TP53,,,CHD4,,,
CDKN2D,,,RAB11FIP4,INSL4,CCN3,,GPKOW,H2AC20,,NDUFS4,MIR181C,,,ING2,,,
BCL7C,,,CCPG1,CCDC117,CNOT7,,RBMX2,BABAM1,,THBS1,ADAM10,,,MRE11,,,
SMARCC1,,,NR4A1,LEPROT,EPPK1,,SRFBP1,ARTN,,PRKCE,PSMB2,,,RFC3,,,
PHB2,,,PPP2R2A,MDM2,BMP2,,RBMY1B,WDR5,,KCNAB1,DNER,,,PPP1R13B,,,
PRKD2,,,MRGBP,EPGN,ATF5,,SNRPC,PRMT2,,KLB,MIR449C,,,USP7,,,
RGCC,,,CCNF,MVD,WWC3,,PHF5A,PRDM16,,RBFOX2,RBX1,,,CHEK2,,,
BRD7,,,KLHL9,BMP5,TFDP1,,SRSF12,HMG20A,,TRIM32,HES1,,,TAF12,,,
BCAT1,,,SMARCB1,CEP43,ADGRB1,,TRA2A,MYBBP1A,,THRA,HDAC4,,,CSNK2A1,,,
ZC3H12D,,,EVI2B,CDK6,CGRRF1,,DAZAP1,BRD2,,FAM65B,ATP2A3,,,ATRIP,,,
KLF11,,,CSNK2A2,ERBB2,GREM1,,DHX38,MBD3L1,,POLR2L,HIST1H3G,,,GATAD2A,,,
INHBA,,,JADE3,INSR,PML,,ILF3,DMAP1,,FGFRL1,TACC3,,,KAT6A,,,
EIF4EBP1,,,BMP2,YAP1,TIAL1,,DDX39B,ANP32B,,MORC3,MIB1,,,PRKAG3,,,
MLF1,,,ATF5,LRP5,FABP6,,DDX46,TDRD9,,NR2C2,H2AC18,,,PRKAG1,,,
CCNJL,,,MEAF6,NTRK2,TBX3,,HNRNPUL2,ATAD2B,,RPS6KB1,AGO2,,,TOPBP1,,,
BCL7B,,,MKI67,NTRK3,DHRS2,,RBMXL2,BEND3,,OSR1,RAB6A,,,TAF1,,,
NPAT,,,CYLD,DISP3,NIBAN2,,DDX41,SF3B1,,VAMP5,H3-3A,,,UBB,,,
DPF1,,,CDC25C,FGF5,TP53I11,,CELF6,H2AX,,ANKRD1,H2AC20,,,NUAK1,,,
SMARCD2,,,PML,SINHCAF,CLDN19,,HNRNPA1,VCX,,BIN3,PTCRA,,,RNF34,,,
CDK1,,,PPP2R3B,PHB1,ADAMTS8,,TXNL4A,LRWD1,,KEL,FABP7,,,TP53RK,,,
LSM10,,,TSPYL2,IL13RA2,TSC1,,HNRNPR,HMGN1,,KLHL31,NOTCH2NLC,,,PPP2CB,,,
CDKN2B,,,WDR12,GPER1,ITGA1,,ESS2,L3MBTL1,,GTF2IRD1,HDAC2,,,TTC5,,,
CCNE1,,,TBX3,KIF20B,B2M,,EIF4A3,MRE11,,HEYL,RBPJ,,,PLK3,,,
CPAP,,,NEK2,SAPCD2,TSC2,,RBM15,C6ORF89,,TMEM201,H2AC14,,,UBA52,,,
SMARCC2,,,ATXN10,IL6R,P3H2,,CACTIN,KDM5C,,TBX1,HDAC8,,,BRPF3,,,
PBRM1,,,PPP1R15A,FAM98A,SH2B3,,GPATCH1,SMC5,,HNRNPF,ADAM17,,,AKT3,,,
PTEN,,,FOXM1,PTHLH,SULT2B1,,SRRM1,SAFB,,POLR2B,PSMD11,,,AKT1,,,
APPL2,,,AICDA,AREG,EIF2AK2,,SF3A3,SLF1,,CAMK2B,KAT2B,,,RAD50,,,
CUL3,,,KLHL21,CCPG1,TP73,,DBR1,KDM5A,,SHISA2,TBL1XR1,,,CHEK1,,,
ADAM17,,,ACTL6B,IL34,TNN,,DNAJC5,CARM1,,ANKRD33,MAMLD1,,,EHMT1,,,
AIF1,,,CDK14,SSR1,TAF6,,RBMY1D,ZNF827,,MSX1,NEURL1B,,,TAF5,,,
USP37,,,PRKAG2,TBX2,IGFBP6,,NCBP2,H3-3B,,GNA12,APH1B,,,TAF3,,,
POLE,,,TSC1,WNT1,CDKN2A,,SF3B4,DDX23,,SIK1,PSMB5,,,MAPK14,,,
TMEM14B,,,ACTL6A,BMP6,ING1,,HNRNPC,UHRF1,,TIAL1,FURIN,,,DNA2,,,
CDC34,,,POU4F1,LGMN,ATG13,,SDE2,SS18,,CDKN1A,H2AC4,,,MAPKAP1,,,
GSPT1,,,L3MBTL1,OSR1,ZNF503,,WBP4,USP3,,LRIT3,ACTA2,,,RMI2,,,
RDX,,,ACTR5,TGFBR2,RBBP4,,RBM25,FAM50A,,RCSD1,UBB,,,CCNA2,,,
DBF4,,,TSC2,CLCF1,NOG,,RBM10,PSIP1,,IFRD1,H2BC1,,,PHF20,,,
CDK2AP2,,,FIGNL1,NOP2,PPP2R5C,,KHDRBS2,MTHFR,,BCL9,MIR34C,,,MDM2,,,
POTEF,,,RCC1,GLP2R,POU1F1,,SON,ASF1A,,DDX5,CREBBP,,,BRD1,,,
CCNG2,,,BIRC6,MEIS2,KDM2B,,PRPF40A,ZBTB1,,CTNNB1,TLE1,,,TAF10,,,
TAF1,,,BARD1,CSNK2A2,VDR,,PRMT7,HDAC6,,FGFR2,JUN,,,RFC4,,,
INO80,,,TP73,SIX2,TGFB1,,RBPMS,MKI67,,RBM24,POGLUT1,,,ATM,,,
GLI1,,,JADE2,KIF14,IL10,,USP49,NAP1L2,,CFLAR,ST3GAL3,,,PIN1,,,
RPS6KB1,,,KNTC1,GJA1,MINAR1,,SF3A1,SRCAP,,FGFR3,PSMD13,,,RFFL,,,
DDRGK1,,,SPAG5,TMEM119,MTSS1,,SRSF7,YTHDC1,,FRS2,MAML2,,,JMY,,,
PLK3,,,ANAPC5,CTF1,NKX3-1,,RBM15B,LOXL2,,CDC5L,EGF,,,ATR,,,
CCNO,,,TAF6,CHRD,PTEN,,TNFAIP8L2-SCNM1,PARP10,,BRAF,UBA52,,,TBP,,,
CCNH,,,CUL9,NES,TNFAIP3,,PABPC1,SFPQ,,ETV5,DTX1,,,RPA3,,,
AKT1,,,STAT3,CNOT7,CCN6,,SNRPE,KDM5D,,SMO,PSMD3,,,MAP2K6,,,
MYO16,,,SETD2,OSMR,ZBTB49,,CIRBP,PHF10,,TNS1,AKT1,,,TAF13,,,
DLG1,,,CDKN2A,STX4,NUP62,,LSM3,TONSL,,ZEB1,MDK,,,PRKAB1,,,
KLF4,,,PTPRC,NRG1,SFRP1,,RNPS1,SKP1,,NR2F2,H2BC17,,,RBBP7,,,
USP26,,,HTRA2,THPO,TFAP2A,,RBFOX3,MYSM1,,EHD1,MIR302A,,,RMI1,,,
E2F3,,,KIF13A,NACA,PTGIR,,SNRPD3,CBX3,,SAP30,AGO1,,,TAF2,,,
CCNA2,,,DLGAP5,DHX9,UTP20,,PRDX5,PARP9,,MYH3,YWHAZ,,,PRKAA1,,,
FGF10,,,SRPK2,BMP2,CTNNB1,,RSRC1,TEX15,,DDX17,NOTCH2NLA,,,TAF1L,,,
AMBRA1,,,HOXD10,PRMT1,MSTN,,HNRNPU,CBX5,,,TNRC6C,,,PRR5,,,
PLCG2,,,KIF20A,RELA,NUDT6,,GEMIN5,ZNFX1,,,MIR449A,,,BANP,,,
PLK2,,,SDCBP,ERBB3,IL26,,PRPF3,SMYD5,,,HDAC10,,,TAF9,,,
MAP3K11,,,CALM1,SIRT6,DNAJA3,,MFAP1,NR5A2,,,PSMC4,,,STK11,,,
PHF8,,,ARTN,GREM1,DIS3L2,,SNRNP40,VCPIP1,,,MOV10,,,WRN,,,
GFI1B,,,SMARCA4,GHR,DDAH1,,SRSF10,SATB1,,,E2F3,,,CDK2,,,
DPF3,,,YEATS2,CLEC11A,BTG1,,RBM42,KAT6B,,,NCOR1,,,PIP4K2B,,,
RRM1,,,ASAH2,CHGA,WDR6,,USP4,RNF8,,,H2BC3,,,TAF15,,,
LATS1,,,ESX1,TBX3,PINX1,,ISY1-RAB43,PRMT3,,,H2AFX,,,SETD9,,,
CDK6,,,INO80E,FLT3,MPP3,,SRPK2,ACTR6,,,H2BC5,,,PIP4K2A,,,
FAM83D,,,ING3,FGF21,TRIM32,,SRSF3,PRMT5,,,H2BC26,,,MLST8,,,
GPR15LG,,,YEATS4,GNAI2,CDKN1C,,HSPA8,BRD9,,,PSMD2,,,HDAC1,,,
SMARCD3,,,UHRF2,FOXM1,PDPN,,PPWD1,H2AL3,,,H2BC21,,,ZNF385A,,,
PRMT2,,,TIPIN,SLC25A5,NANOS3,,SMU1,H2BC15,,,DLK1,,,RAD17,,,
ZNF655,,,TGFB1,TSPYL5,SOD2,,TIA1,HDAC2,,,DTX2,,,PPP2R1B,,,
BCL7A,,,DPF1,CAPNS1,SFRP5,,KHDRBS1,H2AZ1,,,ADRM1,,,CCNG1,,,
PTPN6,,,KAT5,POU3F3,DUSP10,,ZMAT2,SMARCA4,,,PSMA4,,,PPP1R13L,,,
SASS6,,,CDK11A,ACTL6B,PTK2B,,SNRPF,INO80B,,,HIF1A,,,TP53INP1,,,
TRIM71,,,DYNLT3,ACTL6A,STK11,,C9ORF78,SGF29,,,SEL1L,,,PRKAA2,,,
APPL1,,,CDK5RAP3,GDNF,DLG5,,BUD31,ASH2L,,,KAT2A,,,EXO1,,,
ATP2B4,,,LIN9,MEIS3,CDKN2C,,PPIE,PCGF6,,,RFNG,,,SUPT16H,,,
CDK2,,,ZBTB49,IL31RA,TESC,,BCAS2,ARID1B,,,ATP2A1,,,CSNK2A2,,,
CAMK2A,,,SFRP1,PDGFB,IFIT3,,LSM8,REST,,,TLE4,,,MBD3,,,
JADE1,,,PRKAG1,REG3G,ING4,,SNRPA1,SPNS1,,,HDAC5,,,TP63,,,
CACUL1,,,CTNNB1,IL11RA,CTCF,,STH,H1-8,,,MAML1,,,TAF7,,,
SMARCA2,,,PRR11,GCNT2,COPS8,,USP39,KDM4B,,,MIR200C,,,,,,
ID2,,,NUDT6,EPOR,PROX1,,CD2BP2,BRD1,,,JAG1,,,,,,
CDKN2C,,,TP53I13,CLDN5,TFAP4,,GEMIN4,SETD1A,,,NOTCH2,,,,,,
CFH,,,SGF29,GAB2,NUPR2,,RBM4,DNMT3A,,,H2BC9,,,,,,
STIL,,,BRD8,NKX2-5,WWC1,,RBM6,TP53,,,B4GALT1,,,,,,
DCUN1D3,,,RNF112,IL7,AQP11,,NCBP2L,MYC,,,PSMA3,,,,,,
USP29,,,SCAND3,FGF17,CCL23,,SNRNP70,COPRS,,,ST3GAL6,,,,,,
CCNG1,,,NEK9,PTPRC,SMAD3,,ZBTB7A,KDM4C,,,AGO4,,,,,,
PPP6C,,,PIM3,IRS1,GAS8,,RBFOX2,RBBP7,,,SEM1,,,,,,
CPSF3,,,CDK15,STX3,MAGI2,,RALY,CHD3,,,TNRC6B,,,,,,
ARID1B,,,CCDC8,RHOG,ATG101,,XAB2,NPM3,,,PSEN2,,,,,,
CUL4A,,,RNF40,TRPM4,FUZ,,KCNN4,SIRT2,,,H2AC6,,,,,,
CRNN,,,BCL2L1,CNOT6,IFNL1,,HNRNPM,DPF1,,,HDAC1,,,,,,
EIF4E,,,FGFR2,SRPK2,WWC2,,ARGLU1,RBM15,,,PSMB7,,,,,,
LATS2,,,TRIM32,TIMP1,TENT5B,,DDX1,KDM1A,,,PSMA6,,,,,,
CUL5,,,MYBBP1A,LIFR,VHL,,LIN9,M1AP,,,PSMD7,,,,,,
CCNB2,,,RACGAP1,MST1R,REST,,ZC3H14,UBN1,,,HDAC3,,,,,,
HINFP,,,PHACTR4,ESM1,MYOCD,,PLRG1,APOBEC3F,,,ELF3,,,,,,
FAM107A,,,GADD45G,SDCBP,PARP10,,QKI,OIP5,,,TNRC6A,,,,,,
SPDYA,,,MAP2K6,GAS6,CDKN1B,,SRPK3,SLFN11,,,POFUT1,,,,,,
CCNF,,,KAT2A,CRIPTO3,GATA3,,KHDRBS3,APOBEC2,,,WWP2,,,,,,
SMARCB1,,,NANOS3,SMARCA4,FABP3,,SRSF6,CDAN1,,,H2AC7,,,,,,
CCNI,,,DBF4B,ELANE,CDC73,,WDR83,SUPT16H,,,GZMB,,,,,,
KIF14,,,SMARCD3,BICRAL,TGFB2,,RSRP1,PCGF2,,,PSMD1,,,,,,
RRM2,,,PTGES2,IRS2,ADORA3,,CENATAC,HDAC3,,,MFNG,,,,,,
TP63,,,USP19,KIT,GDF5,,SAP18,BICRA,,,TMED2,,,,,,
SLFN11,,,UCHL5,IL3RA,TREM2,,NOVA1,CHD1L,,,PSMC6,,,,,,
,,,MSX1,PTN,MYC,,RBMX,EPC1,,,PSMD8,,,,,,
,,,CCDC66,TIPIN,CDPF1,,PPIL1,H2BC3,,,WWC1,,,,,,
,,,SUV39H1,TGFB1,MORC3,,NSRP1,SSRP1,,,CREB1,,,,,,
,,,STK11,IGF1,NPM1,,GEMIN2,MOCOS,,,PSMA2,,,,,,
,,,MORF4L2,ITGAX,CLDN3,,ZCCHC8,HEMK2,,,SMAD3,,,,,,
,,,ZW10,HDAC2,MFN2,,HNRNPF,PKN1,,,TLE2,,,,,,
,,,ING4,MAPK15,CSNK2B,,PRPF19,SATB2,,,NCOR2,,,,,,
,,,PROX1,TBX20,WNK2,,DHX40,EZH1,,,FLT4,,,,,,
,,,DCUN1D3,FN1,GATD3,,SRSF2,CHAF1A,,,JAG2,,,,,,
,,,NUPR2,IL7R,SOX11,,RBM39,H4C7,,,PSEN1,,,,,,
,,,ARID1B,NKX3-1,ACVR1C,,HNRNPA2B1,ZNF618,,,NEURL1,,,,,,
,,,RUVBL2,MEF2C,PTPRK,,PRPF6,DPF3,,,AGO3,,,,,,
,,,RPL23,PTEN,INCA1,,RBM11,HMGN3,,,PSMD6,,,,,,
,,,TENT5B,NCCRP1,TMIGD3,,HNRNPA1L2,H2BC14,,,,,,,,,
,,,PES1,SFRP1,CDC6,,DDX42,TASOR,,,,,,,,,
,,,KHDRBS1,CCN4,ALDH1A2,,RBMY1E,LRIF1,,,,,,,,,
,,,AHCTF1,CSF1R,B4GALT7,,SNRPD2,UBE2A,,,,,,,,,
,,,DAPK3,CTNNB1,RCAN1,,SRSF8,SPTY2D1,,,,,,,,,
,,,TRRAP,PDGFRA,DRD2,,SNRNP27,TOP2A,,,,,,,,,
,,,VPS72,INS,NGF,,CWC25,POLE3,,,,,,,,,
,,,CDKN1B,GLI1,NMI,,LSM5,TOP1,,,,,,,,,
,,,GATA3,HMGN5,MEN1,,DHX15,WAPL,,,,,,,,,
,,,SPATA22,CXCR2,MCC,,LARP7,DPEP3,,,,,,,,,
,,,BORA,BICRA,TENM1,,PNN,SMARCAD1,,,,,,,,,
,,,EPC1,EGF,SFRP2,,SNRPA,ZNF335,,,,,,,,,
,,,HBP1,SCAND3,SKI,,SF3B6,ESR1,,,,,,,,,
,,,CDK9,TNFSF13,KLF11,,PPIL3,EP300,,,,,,,,,
,,,AURKA,ACER3,INHBA,,SF3B1,UBR5,,,,,,,,,
,,,METTL3,PRAME,FABP7,,NCBP1,RRP8,,,,,,,,,
,,,TGFB2,TTK,ERBB4,,THUMPD2,APOBEC1,,,,,,,,,
,,,ZPR1,FGF10,IRF1,,DNAJC17,MLLT3,,,,,,,,,
,,,NUGGC,FOSL1,BMPR1B,,RBMY1C,H2BC17,,,,,,,,,
,,,MYC,ASH2L,ST18,,PRPF40B,TET1,,,,,,,,,
,,,CDK5RAP1,TNF,PBRM1,,DCPS,GLYR1,,,,,,,,,
,,,CDPF1,FGFR2,BMPR2,,DDX5,PHF1,,,,,,,,,
,,,MBIP,IL6ST,ATRAID,,SRPK1,TAL1,,,,,,,,,
,,,AKT2,HTN3,RAPGEF2,,HNRNPA1L3,PWWP3A,,,,,,,,,
,,,ZNF703,RBPMS2,NACC2,,RBPMS2,SETDB1,,,,,,,,,
,,,BRCA1,DBF4B,H2AC4,,RBM24,USP15,,,,,,,,,
,,,CCP110,NAMPT,SPIN4,,UBL5,HELLS,,,,,,,,,
,,,RIPOR2,CHRFAM7A,APP,,TRA2B,SMARCD1,,,,,,,,,
,,,CDK4,CCL5,CDK10,,SF3A2,SMARCB1,,,,,,,,,
,,,GRK5,PTK2B,ADARB1,,RBMXL1,RAD54L2,,,,,,,,,
,,,INO80D,SHH,CTBP1,,SNRPB,SETD2,,,,,,,,,
,,,TADA2A,BAMBI,ZNF777,,SF1,TRRAP,,,,,,,,,
,,,RAD23A,ID2,MAP2K1,,SNIP1,LIN54,,,,,,,,,
,,,UXT,HCK,SIRPG,,CWF19L1,MCM3AP,,,,,,,,,
,,,RASSF1,GDF9,GPLD1,,PRPF4,JMJD6,,,,,,,,,
,,,PRCC,HDAC1,TFAP2B,,CDC5L,H2AC12,,,,,,,,,
,,,PTPRK,CSF3,SLURP1,,SNU13,IWS1,,,,,,,,,
,,,RPRD1B,CLEC7A,MMRN2,,LSM4,MYOCD,,,,,,,,,
,,,MAPK12,PGAP1,APOD,,FRA10AC1,HNRNPK,,,,,,,,,
,,,HOXC9,HAS2,E2F3,,PCBP4,TET2,,,,,,,,,
,,,SMARCE1,BTC,IGFBP7,,PUF60,ZNF274,,,,,,,,,
,,,TADA3,PROX1,HMOX1,,DDX23,SIN3A,,,,,,,,,
,,,ANKK1,CCAR1,IFNK,,SART1,INO80D,,,,,,,,,
,,,CDC26,SOX15,NME1,,SRSF4,SMARCE1,,,,,,,,,
,,,DMAP1,AQP11,CHERP,,JMJD6,NUDT5,,,,,,,,,
,,,CDC23,TERT,KLF10,,TFIP11,FBXL19,,,,,,,,,
,,,RNF167,DERL2,PLG,,RNPC3,DEK,,,,,,,,,
,,,GIT1,SLAMF1,SLC48A1,,CASC3,NAA60,,,,,,,,,
,,,WDR5,CTSH,FOXP3,,HNRNPK,KMT2A,,,,,,,,,
,,,MEN1,FLT4,PTPN6,,PSIP1,BCL7B,,,,,,,,,
,,,SH3GLB1,CSF2,IFNG,,SNRPG,TRIP12,,,,,,,,,
,,,SMARCC1,RPL23,MAGI1,,RBMXL3,BCL7C,,,,,,,,,
,,,UHMK1,EGR4,CIB1,,CELF4,H2AC4,,,,,,,,,
,,,CKS2,GAREM1,DNAJB2,,CELF2,RUVBL1,,,,,,,,,
,,,INTS13,EZH2,SMARCA2,,GEMIN8,VCP,,,,,,,,,
,,,ANAPC16,EFNB2,NDRG4,,PRP4K,DHX9,,,,,,,,,
,,,BCL7B,FGF9,BMP4,,WTAP,HDAC10,,,,,,,,,
,,,ANAPC2,SERPINB3,EREG,,METTL16,KDM6A,,,,,,,,,
,,,NFRKB,CEACAM6,MYOG,,CRNKL1,SYCP3,,,,,,,,,
,,,IRF1,VEGFA,TOB2,,PRPF39,BRD4,,,,,,,,,
,,,CCNL2,RTKN2,MED25,,DHX35,KDM2B,,,,,,,,,
,,,EP400,BAD,TBRG1,,DHX16,SIRT1,,,,,,,,,
,,,FBXO43,NKX2-6,IGFBP3,,CWC22,RBBP5,,,,,,,,,
,,,CDK16,IL18,THBS1,,LSM7,LEMD2,,,,,,,,,
,,,AURKB,VIPR1,RPS6KA2,,RBFOX1,PWWP2A,,,,,,,,,
,,,PBRM1,PGF,PDS5B,,RBMY1F,SMARCA2,,,,,,,,,
,,,ZNRF4,HTR1A,TINF2,,YTHDC1,MTF2,,,,,,,,,
,,,PRDM11,TGFB2,CXCL1,,WDR77,SUPT6H,,,,,,,,,
,,,CKS1B,IGF2,TP53INP1,,SART3,H2AC14,,,,,,,,,
,,,PPP1R13B,MYC,KRT4,,C1QBP,ZZZ3,,,,,,,,,
,,,CSNK2A3,MEIS1,ETS1,,RBM7,SNAI1,,,,,,,,,
,,,RPS15A,CDPF1,UMOD,,DDX17,BRDT,,,,,,,,,
,,,POTEF,PDGFA,LYN,,,PRMT8,,,,,,,,,
,,,PIK3C3,XBP1,PKN1,,,BRD3,,,,,,,,,
,,,PRKAG3,KDM1A,MDM4,,,SMARCD2,,,,,,,,,
,,,KLHL13,ZNF703,CYP27B1,,,HDAC1,,,,,,,,,
,,,CDK10,NPM1,PIM2,,,DSCAM,,,,,,,,,
,,,JUN,BLOC1S2,RBM38,,,COMMD3-BMI1,,,,,,,,,
,,,ADARB1,KDM4C,RBM5,,,BAZ1A,,,,,,,,,
,,,CTBP1,PDCD10,NHERF1,,,PRMT9,,,,,,,,,
,,,AFAP1L2,FGF20,OGN,,,RBM14-RBM4,,,,,,,,,
,,,UVRAG,CDK4,KANK2,,,MBD3L3,,,,,,,,,
,,,KNSTRN,S1PR2,DAB2IP,,,HDGFL2,,,,,,,,,
,,,THAP5,GRK5,PLAAT4,,,CENPI,,,,,,,,,
,,,DR1,FGF18,RUNX3,,,FAM47E-STBD1,,,,,,,,,
,,,KIF11,TGFA,TOB1,,,EHMT1,,,,,,,,,
,,,HCFC1,SOX4,GPNMB,,,KAT5,,,,,,,,,
,,,KIF2B,VEGFC,PTPRJ,,,PML,,,,,,,,,
,,,GADD45A,LAMC2,PER2,,,SUV39H1,,,,,,,,,
,,,CDK17,GATD3,SOX9,,,CHRAC1,,,,,,,,,
,,,CCNL1,SOX11,PLXNB1,,,PBRM1,,,,,,,,,
,,,TSC22D2,TMEM250,SH3BP4,,,SLF2,,,,,,,,,
,,,DPF3,HPSE,NF2,,,CECR2,,,,,,,,,
,,,ANAPC11,SPHK1,PEX2,,,METTL23,,,,,,,,,
,,,XIAP,RPRD1B,ADAMTS1,,,CHD7,,,,,,,,,
,,,MCRS1,EPHA1,TMEM115,,,UBN2,,,,,,,,,
,,,CDC27,RPS4X,CDKN3,,,BICRAL,,,,,,,,,
,,,MAGI1,AKR1C3,HSPA1A,,,RBBP4,,,,,,,,,
,,,ZWILCH,CRLF1,IFNLR1,,,SOX1,,,,,,,,,
,,,GADD45B,REG1B,AVPR2,,,DPF2,,,,,,,,,
,,,CDK2,CXCR3,E2F1,,,MIER1,,,,,,,,,
,,,SMARCA2,COX17,MN1,,,TFPT,,,,,,,,,
,,,RPRM,SBNO1,RERG,,,MPHOSPH8,,,,,,,,,
,,,CALM3,SMARCC1,ULK1,,,H3C13,,,,,,,,,
,,,PUM1,FXN,MARVELD3,,,MED25,,,,,,,,,
,,,TTLL12,SFRP2,IL12A,,,TLK2,,,,,,,,,
,,,BMP4,EAPP,RNF41,,,MBD3L5,,,,,,,,,
,,,CDC16,GRN,CCM2,,,HNRNPC,,,,,,,,,
,,,MYOG,BCL7B,FLCN,,,PIAS4,,,,,,,,,
,,,SON,RPS6,BTG2,,,NIPBL,,,,,,,,,
,,,BIN1,NAP1L1,ANG,,,FOXA1,,,,,,,,,
,,,CITED2,ERBB4,TMEM196,,,SMARCA5,,,,,,,,,
,,,TBRG1,ADRA2A,CELF1,,,APLF,,,,,,,,,
,,,TGM1,FSHB,TP53,,,RBM15B,,,,,,,,,
,,,RPS6KA2,ADAM17,COL4A3,,,KDM4A,,,,,,,,,
,,,RHOB,CUL3,AZGP1,,,TLK1,,,,,,,,,
,,,PPP2R2D,MARCHF7,ARID2,,,NOC2L,,,,,,,,,
,,,LEF1,CSNK2A3,SST,,,NFAT5,,,,,,,,,
,,,FSD1,COPS9,PRKD2,,,HDAC7,,,,,,,,,
,,,TP53INP1,SOX8,RGCC,,,RNF168,,,,,,,,,
,,,RARA,RPS15A,TBX5,,,NUCKS1,,,,,,,,,
,,,USP51,POTEF,CEBPA,,,MORC2,,,,,,,,,
,,,ENTR1,CRKL,FBLN1,,,H2AC7,,,,,,,,,
,,,HSP90AB1,CSF3R,JAK2,,,ARID2,,,,,,,,,
,,,ETS1,FGF8,TGFBR3,,,HNRNPU,,,,,,,,,
,,,CNTD1,CEP131,PHF14,,,SRPK2,,,,,,,,,
,,,RAB11A,RNF187,CDKN2B,,,CHD1,,,,,,,,,
,,,MASTL,IL5RA,AIF1,,,EHMT2,,,,,,,,,
,,,OVOL2,DDRGK1,KAT2B,,,UCHL5,,,,,,,,,
,,,AURKC,STAMBP,NCK2,,,MIS18A,,,,,,,,,
,,,CDK5,SIRPG,SMAD6,,,NSMCE4A,,,,,,,,,
,,,PIM2,TFAP2B,CD300A,,,DTX3L,,,,,,,,,
,,,RBM38,PRTN3,FGFBP1,,,SMCHD1,,,,,,,,,
,,,INO80B,KITLG,THAP12,,,ZMYND8,,,,,,,,,
,,,ANKRD17,HMOX1,PPARG,,,MBD3L2,,,,,,,,,
,,,PHF10,CD47,ADGRG1,,,ING5,,,,,,,,,
,,,MYO19,EPX,CTBP2,,,ZBTB7A,,,,,,,,,
,,,TP53BP2,PAX2,GML,,,HAT1,,,,,,,,,
,,,CDK11B,NME1,TGFB3,,,CHD8,,,,,,,,,
,,,SIRT2,NACC1,IRF6,,,PPM1D,,,,,,,,,
,,,CDC20,CAPN1,PPARGC1A,,,NAP1L3,,,,,,,,,
,,,IQGAP1,PPP3CA,IFITM1,,,LMNB1,,,,,,,,,
,,,DAB2IP,EDN1,MYO16,,,ATAD2,,,,,,,,,
,,,BBS4,TSHR,GATA2,,,NRDE2,,,,,,,,,
,,,HMGA2,PTPN6,IL12B,,,INO80,,,,,,,,,
,,,TARDBP,IFNG,TMEM127,,,USP25,,,,,,,,,
,,,RUNX3,UFL1,PODN,,,OGG1,,,,,,,,,
,,,TXLNG,CD86,WARS1,,,SMARCD3,,,,,,,,,
,,,HNRNPU,IL9,IFI35,,,EID3,,,,,,,,,
,,,BECN1,NR4A3,VGLL4,,,MEN1,,,,,,,,,
,,,TFPT,CIB1,ACVRL1,,,KAT2B,,,,,,,,,
,,,PER2,CDK2,TES,,,BCOR,,,,,,,,,
,,,SOX9,IL2,GSTP1,,,PHF8,,,,,,,,,
,,,MORF4L1,SMARCA2,RNF139,,,TAF6L,,,,,,,,,
,,,FBXO5,BMP4,DLC1,,,CHTOP,,,,,,,,,
,,,NF2,EREG,CLMN,,,KMT2E,,,,,,,,,
,,,PDXP,IL12RB1,H2AC6,,,RSF1,,,,,,,,,
,,,CDKN3,TNFSF4,OPRM1,,,RB1,,,,,,,,,
,,,CEP85,THBS1,SLC16A2,,,SRPK1,,,,,,,,,
,,,ZNF207,LEF1,P3H3,,,PADI2,,,,,,,,,
,,,RB1,FGF16,PLPP1,,,PHF2,,,,,,,,,
,,,GMNC,SPDYA,RBP4,,,GLMN,,,,,,,,,
,,,RNASEH2A,POU3F2,EEF1E1,,,SCMH1,,,,,,,,,
,,,PDZD2,COMMD3-BMI1,ALOX15B,,,APEX1,,,,,,,,,
,,,HIPK2,RARA,HPN,,,BRCC3,,,,,,,,,
,,,DPF2,BMP10,GSDME,,,NSMCE3,,,,,,,,,
,,,NUDT16,AGXT,P3H1,,,ACTR5,,,,,,,,,
,,,PRPF40A,DPP4,FOXO4,,,RESF1,,,,,,,,,
,,,CDK18,CNTFR,NEURL1,,,PIWIL4,,,,,,,,,
,,,TCF7L1,LYN,SCIN,,,POTEF,,,,,,,,,
,,,EPC2,LACRT,,,,LMNA,,,,,,,,,
,,,FZD9,DHPS,,,,KAT8,,,,,,,,,
,,,CDK7,PKN1,,,,TDG,,,,,,,,,
,,,TP53,TOX,,,,H2BC1,,,,,,,,,
,,,BIRC7,FLT3LG,,,,ACTL6B,,,,,,,,,
,,,MAP9,RPS9,,,,CDK9,,,,,,,,,
,,,RUVBL1,DDR2,,,,MCM8,,,,,,,,,
,,,TTC28,TPD52,,,,SMARCA1,,,,,,,,,
,,,CAV2,NME2,,,,GATAD1,,,,,,,,,
,,,ARID2,ZNF304,,,,MTA3,,,,,,,,,
,,,INHA,ZNF16,,,,BRCA1,,,,,,,,,
,,,PRKD2,KDR,,,,H2BC9,,,,,,,,,
,,,MBTD1,PRKCH,,,,HJURP,,,,,,,,,
,,,CEBPA,CXCL5,,,,SART3,,,,,,,,,
,,,SMARCD2,HMGA2,,,,HDAC9,,,,,,,,,
,,,CDKN2B,CNOT8,,,,CABIN1,,,,,,,,,
,,,GMNN,PID1,,,,USP51,,,,,,,,,
,,,SMARCC2,GID8,,,,NSMCE2,,,,,,,,,
,,,PLK1,CCL14,,,,CTCFL,,,,,,,,,
,,,KAT2B,CNBP,,,,CENPV,,,,,,,,,
,,,PPP1R9B,WNT3A,,,,DNAJC9,,,,,,,,,
,,,RRP8,IL11,,,,PHB1,,,,,,,,,
,,,BMP7,HNRNPU,,,,YEATS2,,,,,,,,,
,,,CETN2,FGF13,,,,KDM4E,,,,,,,,,
,,,USP44,SOX9,,,,HIRIP3,,,,,,,,,
,,,IPO7,FBXO5,,,,H2AC1,,,,,,,,,
,,,LOC100533997,HOXC10,,,,MBD3L2B,,,,,,,,,
,,,CHEK1,TSLP,,,,KDM1B,,,,,,,,,
,,,ANAPC10,PDGFC,,,,KDM2A,,,,,,,,,
,,,MECOM,S1PR3,,,,HMGN4,,,,,,,,,
,,,TGFBR1,MATK,,,,JARID2,,,,,,,,,
,,,CDC42,CSF2RB,,,,HP1BP3,,,,,,,,,
,,,PUM2,FGF22,,,,SETD7,,,,,,,,,
,,,THAP1,E2F1,,,,PRMT6,,,,,,,,,
,,,MX2,CCKBR,,,,RAD50,,,,,,,,,
,,,ZFYVE26,FLT1,,,,THAP7,,,,,,,,,
,,,BCL7A,CCM2,,,,PSME4,,,,,,,,,
,,,LILRB1,CSF2RA,,,,KDM4D,,,,,,,,,
,,,BUB1,CDCA7L,,,,SMARCC2,,,,,,,,,
,,,IFNW1,PDGFD,,,,PARP2,,,,,,,,,
,,,KAT7,FGF7,,,,GATAD2B,,,,,,,,,
,,,SIRT1,TJP1,,,,VRK1,,,,,,,,,
,,,SIX3,MAZ,,,,EGR1,,,,,,,,,
,,,KIF2C,REG1A,,,,ZNHIT1,,,,,,,,,
,,,HPGD,PTK2,,,,PIWIL2,,,,,,,,,
,,,INO80C,FZD9,,,,BPTF,,,,,,,,,
,,,PRC1,IL15,,,,SOX15,,,,,,,,,
,,,ALOX15B,LTF,,,,DPY30,,,,,,,,,
,,,BEX2,EPCAM,,,,HMGN2,,,,,,,,,
,,,ANAPC15,S100A9,,,,FKBP6,,,,,,,,,
,,,RHEB,ADAM10,,,,ERCC6,,,,,,,,,
,,,RAB11FIP3,HDAC4,,,,MACROH2A2,,,,,,,,,
,,,,PLA2G1B,,,,PHC1,,,,,,,,,
,,,,FBLN1,,,,SOX9,,,,,,,,,
,,,,SLC35F6,,,,KDM5B,,,,,,,,,
,,,,NANOG,,,,EED,,,,,,,,,
,,,,FGF19,,,,LSM11,,,,,,,,,
,,,,JAK2,,,,GRWD1,,,,,,,,,
,,,,TGFBR3,,,,PCGF1,,,,,,,,,
,,,,IL4,,,,RNF4,,,,,,,,,
,,,,PRLR,,,,PRMT7,,,,,,,,,
,,,,EDN3,,,,ACTR8,,,,,,,,,
,,,,AIF1,,,,TET3,,,,,,,,,
,,,,SERTAD1,,,,GMNN,,,,,,,,,
,,,,SHC1,,,,PAXIP1,,,,,,,,,
,,,,C5AR1,,,,H2AB1,,,,,,,,,
,,,,IL3,,,,H2BC13,,,,,,,,,
,,,,WNT2,,,,ASF1B,,,,,,,,,
,,,,GHRHR,,,,MBD1,,,,,,,,,
,,,,TGFB3,,,,DAXX,,,,,,,,,
,,,,PTGFR,,,,PIWIL1,,,,,,,,,
,,,,REG3A,,,,SPI1,,,,,,,,,
,,,,FGF1,,,,RUVBL2,,,,,,,,,
,,,,AKT1,,,,BARD1,,,,,,,,,
,,,,FGF6,,,,EZHIP,,,,,,,,,
,,,,KMT2D,,,,MACROH2A1,,,,,,,,,
,,,,BRD9,,,,SETD5,,,,,,,,,
,,,,SCN5A,,,,EZH2,,,,,,,,,
,,,,OSR2,,,,H2AC21,,,,,,,,,
,,,,HCLS1,,,,H1-5,,,,,,,,,
,,,,BNC1,,,,SPHK2,,,,,,,,,
,,,,CD74,,,,CHEK1,,,,,,,,,
,,,,NOD2,,,,MMS22L,,,,,,,,,
,,,,HILPDA,,,,H1-7,,,,,,,,,
,,,,TGFBR1,,,,BCL7A,,,,,,,,,
,,,,FOLR2,,,,H2AC19,,,,,,,,,
,,,,NTF3,,,,GATAD2A,,,,,,,,,
,,,,ADRA1D,,,,KDM7A,,,,,,,,,
,,,,BCL7A,,,,MSL2,,,,,,,,,
,,,,HTR2B,,,,ZNF304,,,,,,,,,
,,,,KRT6A,,,,NASP,,,,,,,,,
,,,,TSC22D1,,,,WBP2,,,,,,,,,
,,,,SS18,,,,LMNB2,,,,,,,,,
,,,,IL23R,,,,USP36,,,,,,,,,
,,,,LAMB1,,,,FAM50B,,,,,,,,,
,,,,CACUL1,,,,CBX1,,,,,,,,,
,,,,TSPAN31,,,,TRIM28,,,,,,,,,
,,,,SIRT1,,,,BAHD1,,,,,,,,,
,,,,CHP2,,,,TNP1,,,,,,,,,
,,,,PRC1,,,,CENPW,,,,,,,,,
,,,,S100B,,,,PRIMPOL,,,,,,,,,
,,,,FGFR4,,,,MCM9,,,,,,,,,
,,,,IGF1R,,,,NAP1L4,,,,,,,,,
,,,,FAM98B,,,,H2AP,,,,,,,,,
,,,,PDF,,,,DPEP2,,,,,,,,,
,,,,,,,,ING4,,,,,,,,,
,,,,,,,,INO80C,,,,,,,,,
,,,,,,,,KDM6B,,,,,,,,,
,,,,,,,,SIRT6,,,,,,,,,
,,,,,,,,CHD4,,,,,,,,,
,,,,,,,,DDX56,,,,,,,,,
,,,,,,,,H2BC21,,,,,,,,,
,,,,,,,,ARID1A,,,,,,,,,
,,,,,,,,PPHLN1,,,,,,,,,
,,,,,,,,H2BC11,,,,,,,,,
,,,,,,,,MTA1,,,,,,,,,
,,,,,,,,DOT1L,,,,,,,,,
,,,,,,,,TDRD5,,,,,,,,,
,,,,,,,,HDGFL1,,,,,,,,,
,,,,,,,,NFRKB,,,,,,,,,
,,,,,,,,PRMT1,,,,,,,,,
,,,,,,,,PWWP2B,,,,,,,,,
,,,,,,,,H2AC25,,,,,,,,,
,,,,,,,,HMGB2,,,,,,,,,
,,,,,,,,MBD3L4,,,,,,,,,
,,,,,,,,RYBP,,,,,,,,,
,,,,,,,,YY1,,,,,,,,,
,,,,,,,,CHD6,,,,,,,,,
,,,,,,,,HMGA2,,,,,,,,,
,,,,,,,,H2AZ2,,,,,,,,,
,,,,,,,,H2BC4,,,,,,,,,
,,,,,,,,HDGF,,,,,,,,,
,,,,,,,,,,,,,,,,,
